{
 "trajectory_LED_two_shapes_v0":
    {
        "camera_location": [16, -15, 12],
        "camera_rotation_euler": [1.1093193292617798, 1.4043230578408838e-07, 0.8149284720420837],
        "camera_sensor_width": 25,
        "render_frame_boundaries": {"bottom_left": [-2.91, -3.66, -0.75],
                                    "bottom_right": [3.45, 3.15, -0.75],
                                    "top_right": [2.25, 4.35, 2.70],
                                    "top_left": [-4.15, -2.45, 2.70]
                                }

    },

    "galaxy_scene_v0":
    {
        "camera_location": [11.554821014404297, -10.291574478149414, 8.243793487548828],
        "camera_rotation_euler": [1.1093190908432007, 9.305318826591247e-08, 0.8149283528327942],
        "camera_sensor_width": 50,
        "render_frame_boundaries": {"bottom_left": [-2.91, -3.66, -0.75],
                                    "bottom_right": [3.45, 3.15, -0.75],
                                    "top_right": [2.25, 4.35, 2.70],
                                    "top_left": [-4.15, -2.45, 2.70]
                                }

    },

    "galaxy_scene_v1":
    {
        "camera_location": [7.358891487121582, -6.925789833068848, 0],
        "camera_rotation_euler": [1.570796, 0, 0.785398],
        "camera_sensor_width": 36,
        "render_frame_boundaries": {"bottom_left": [-2.91, -3.66, -0.75],
                                    "bottom_right": [3.45, 3.15, -0.75],
                                    "top_right": [2.25, 4.35, 2.70],
                                    "top_left": [-4.15, -2.45, 2.70]
                                }
    },
    
    "zoomed_in": 
    {
        "camera_location": [7.221433162689209, -7.063248157501221, 0.021662602201104164],
        "camera_rotation_euler": [1.570796, 0, 0.785398],
        "camera_sensor_width": 24,
        "render_frame_boundaries": {"bottom_left": [-2.91, -3.66, -0.75],
                                    "bottom_right": [3.45, 3.15, -0.75],
                                    "top_right": [2.25, 4.35, 2.70],
                                    "top_left": [-4.15, -2.45, 2.70]
                                }
    }
}

