{"objects": {"s1": {"shape_type": "superellipsoid", "shape_params": [3.2236791509316314, 1.1067450342544474, 3.0987332521494078], "texture": {"type": "noise", "params": {"Scale": 0.6, "Detail": 1.701240208743477, "Roughness": 0.4721400563674314, "Distortion": 3.035910703580016}, "transparent": true}, "scaling_params": [8, 8, 8, 16], "rotation": true, "translation": false, "location": [0, 0, 0]}}, "background": {"texture": {"type": "noise", "params": {"Scale": 0.6, "Detail": 1.2625853665435613, "Roughness": 0.08245476367412186, "Distortion": 0.8325304865389334}}, "displacement": false}}
